CustomerKey,CustomerID,FirstName,LastName,PhoneNumber,Email,RowIsCurrent,RowStartDate,RowEndDate,RowChangeReason,Cust_RowVersion
1,1001,Alice,Johnson,486-123-4254,elen.papa@hotmail.com,1,6/16/24 0:39,12/31/99 0:00,NULL,0x0000000000000838
2,1002,Bob,Smith,234-567-8901,bob.smith@outlook.com,1,6/16/24 0:39,12/31/99 0:00,NULL,0x00000000000007E6
3,1003,Eva,Williams,345-678-9012,eva.williams@hotmail.com,1,6/16/24 0:39,12/31/99 0:00,NULL,0x00000000000007E7
4,1004,Max,Brown,456-789-0123,max.brown@gmail.com,1,6/16/24 0:39,12/31/99 0:00,NULL,0x00000000000007E8
5,1005,Sophie,Miller,567-890-1234,sophie.miller@outlook.com,1,6/16/24 0:39,12/31/99 0:00,NULL,0x00000000000007E9
6,1006,David,Robinson,678-901-2345,david.robinson@hotmail.com,1,6/16/24 0:39,12/31/99 0:00,NULL,0x00000000000007EA
7,1007,Sarah,Taylor,789-012-3456,sarah.taylor@gmail.com,1,6/16/24 0:39,12/31/99 0:00,NULL,0x00000000000007EB
8,1008,Jake,Anderson,890-123-4567,jake.anderson@hotmail.com,1,6/16/24 0:39,12/31/99 0:00,NULL,0x00000000000007EC
9,1009,Emma,Thomas,901-234-5678,emma.thomas@hotmail.com,1,6/16/24 0:39,12/31/99 0:00,NULL,0x00000000000007ED
10,1010,Oliver,Davis,012-345-6789,oliver.davis@gmail.com,1,6/16/24 0:39,12/31/99 0:00,NULL,0x00000000000007EE
11,1035,Annika,Dane,523-111-652,annika@gmail.com,1,6/16/24 0:39,12/31/99 0:00,NULL,0x0000000000000839
