LogisticsPartnerKey,LogisticID,FirstName,LastName,Email,RowIsCurrent,RowStartDate,RowEndDate,RowChangeReason,Log_RowVersion
1,1,Sophia,Williams,sophia.williams@speedylogistics.com,1,20:59.8,00:00.0,NULL,0x000000000000081F
2,10,Benjamin,Hall,benjamin.hall@swiftlogistics.com,1,20:59.8,00:00.0,NULL,0x0000000000000820
3,2,William,Jones,william.jones@fasttracktransit.com,1,20:59.8,00:00.0,NULL,0x0000000000000821
4,3,Olivia,Garcia,olivia.garcia@globalfreight.com,1,20:59.8,00:00.0,NULL,0x0000000000000822
5,4,James,Martinez,james.martinez@expressdeliveries.com,1,20:59.8,00:00.0,NULL,0x0000000000000823
6,5,Ava,Hernandez,ava.hernandez@translogistics.com,1,20:59.8,00:00.0,NULL,0x0000000000000824
7,6,Alexander,Young,alexander.young@quickshiplogistics.com,1,20:59.8,00:00.0,NULL,0x0000000000000825
8,7,Mia,King,mia.king@freightmasters.com,1,20:59.8,00:00.0,NULL,0x0000000000000826
9,8,William,Walker,william.walker@rapidtransport.com,1,20:59.8,00:00.0,NULL,0x0000000000000827
10,9,Charlotte,Adams,charlotte.adams@efficientcarriers.com,1,20:59.8,00:00.0,NULL,0x0000000000000828
