ProductKey,ProductID,ProductName,SKU,Length,Width,Thickness,Weight,ColorFinish,Compliance,CostPerUnit,ConstructionTime,RowIsCurrent,RowStartDate,RowEndDate,RowChangeReason,Prod_RowVersion
1,1,Concrete Mixer,SKU1001,100,50,75,300,Yellow,ISO 9001,1500,30,1,20:59.8,00:00.0,NULL,00000000000007EF
2,2,Cement Bag,SKU1002,50,50,10,50,Gray,ISO 9001,5,1,1,20:59.8,00:00.0,NULL,00000000000007F0
3,3,Steel Rebar,SKU1003,1200,1,1,25,Steel,ASTM A615,2.5,0,1,20:59.8,00:00.0,NULL,00000000000007F1
4,4,Construction Helmet,SKU1004,30,20,15,0.5,White,ANSI Z89.1,10,0,1,20:59.8,00:00.0,NULL,00000000000007F2
5,5,Safety Gloves,SKU1005,25,15,5,0.2,Blue,EN 388,3,0,1,20:59.8,00:00.0,NULL,00000000000007F3
6,6,Electric Drill,SKU1006,40,10,15,2,Black,CE,75,2,1,20:59.8,00:00.0,NULL,00000000000007F4
7,7,PVC Pipes,SKU1007,200,10,10,5,White,ASTM D1785,12,1,1,20:59.8,00:00.0,NULL,00000000000007F5
8,8,Insulation Foam,SKU1008,100,50,10,1,Green,ISO 9001,20,0,1,20:59.8,00:00.0,NULL,00000000000007F6
9,9,Wood Planks,SKU1009,2400,100,25,50,Natural,FSC,15,0,1,20:59.8,00:00.0,NULL,00000000000007F7
10,10,Brick Pallet,SKU1010,100,100,50,500,Red,ISO 9001,300,5,1,20:59.8,00:00.0,NULL,00000000000007F8
