ProdTeamMemberKey,MemberID,FirstName,LastName,Email,RowIsCurrent,RowStartDate,RowEndDate,RowChangeReason,PTM_RowVersion
1,5001,David,Miller,david.miller@cataschevastica.com,1,20:59.8,00:00.0,NULL,0x0000000000000829
2,5002,Emma,Thompson,emma.thompson@cataschevastica.com,1,20:59.8,00:00.0,NULL,0x000000000000082A
3,5003,Matthew,Clark,matthew.clark@cataschevastica.com,1,20:59.8,00:00.0,NULL,0x000000000000082B
4,5004,Olivia,White,olivia.white@cataschevastica.com,1,20:59.8,00:00.0,NULL,0x000000000000082C
5,5005,Andrew,Martin,andrew.martin@cataschevastica.com,1,20:59.8,00:00.0,NULL,0x000000000000082D
6,5006,Sophie,Harris,sophie.harris@cataschevastica.com,1,20:59.8,00:00.0,NULL,0x000000000000082E
7,5007,Ethan,Moore,ethan.moore@cataschevastica.com,1,20:59.8,00:00.0,NULL,0x000000000000082F
8,5008,Ava,Allen,ava.allen@cataschevastica.com,1,20:59.8,00:00.0,NULL,0x0000000000000830
9,5009,James,Young,james.young@cataschevastica.com,1,20:59.8,00:00.0,NULL,0x0000000000000831
10,5010,Grace,Roberts,grace.roberts@cataschevastica.com,1,20:59.8,00:00.0,NULL,0x0000000000000832
