RawMaterialKey,RawMaterialID,RawMaterialName,MeasureUnit,SupplierFirstName,SupplierLastName,SupplierEmail,RowIsCurrent,RowStartDate,RowEndDate,RowChangeReason,RM_RowVersion
1,1,Portland Cement,kg,John,Pitt,john.pitt@gmail.com,1,20:59.8,00:00.0,NULL,00000000000007D1
2,2,Coarse Aggregate,ton,Jane,Taylor,jane.taylor@hotmail.com,1,20:59.8,00:00.0,NULL,00000000000007D2
3,3,Fine Sand,kg,Serena,Johnson,serena.johnson@gmail.com,1,20:59.8,00:00.0,NULL,00000000000007D3
4,4,Reinforcing Steel,meter,Emily,Paris,emily.paris@hotmail.com,1,20:59.8,00:00.0,NULL,00000000000007D4
5,5,Copper Wiring,meter,Daniel,Grey,daniel.grey@gmail.com,1,20:59.8,00:00.0,NULL,00000000000007D5
6,6,PVC Conduit,meter,Serena,Johnson,serena.johnson@gmail.com,1,20:59.8,00:00.0,NULL,00000000000007D3
7,7,Plywood Sheets,sheet,Robert,Taylor,robert.taylor@gmail.com,1,20:59.8,00:00.0,NULL,00000000000007D7
8,8,Gypsum Board,sheet,Jeniffer,Anderson,jeniffer.anderson@hotmail.com,1,20:59.8,00:00.0,NULL,00000000000007D8
9,9,Structural Steel,ton,Charles,Thomas,charles.thomas@hotmail.com,1,20:59.8,00:00.0,NULL,00000000000007D9
10,10,Glass Panels,panel,Jane,Taylor,jane.taylor@hotmail.com,1,20:59.8,00:00.0,NULL,00000000000007D2
